title,company,location,link
Javascript Developer (Vue.js / Node.js),Lucky Orange LLC,"Overland Park, KS",https://stackoverflow.com/jobs/374387
Frontend/VueJs Software Engineer,BRG - The GAT Team,No office location,https://stackoverflow.com/jobs/441378
Laravel and Vue.js Developer,MailerLite,"Vilnius, Lithuania",https://stackoverflow.com/jobs/447895
Senior software engineer Vue.js,Harlem Next,"Haarlem, Netherlands",https://stackoverflow.com/jobs/427253
Full Stack Engineer (Rails / Vue),TaxJar,No office location,https://stackoverflow.com/jobs/445065
Senior Full-Stack Engineer (Vue/Node),Wisely,No office location,https://stackoverflow.com/jobs/405895
Webdeveloper for Backend (NodeJS) and Frontend (Vue) (m/f),RINGANA GmbH,"Wien, Österreich",https://stackoverflow.com/jobs/421723
Full Stack Software Engineer (Vue.js & Django) (m/f/d),Limehome GmbH,"München, Germany",https://stackoverflow.com/jobs/238532
Vue.js Developer,BairesDev LLC,"San Francisco, CA",https://stackoverflow.com/jobs/448323
Senior Frontend Engineer (Vue.js),Financial Technology Partners,"San Francisco, CA",https://stackoverflow.com/jobs/446919
Senior Frontend Engineer (Vue.js),Mimacom,"Madrid, Spain",https://stackoverflow.com/jobs/451866
Lead Vue.js / PHP developer,HUBX,No office location,https://stackoverflow.com/jobs/397027
Frontend Developer (Vue.js),EJN Corp.,"Tokyo, Japan",https://stackoverflow.com/jobs/331239
"Full Stack Engineer - Junior to Senior - Vue.js, Go",Ezoic,"Carlsbad, CA",https://stackoverflow.com/jobs/427867
"Senior Software Engineer - Go, Vue.js, Machine Learning",Ezoic,"Carlsbad, CA",https://stackoverflow.com/jobs/427866
Principal Front-End Engineer - Team Lead (Vue.js),Corsearch,"Amsterdam, Netherlands",https://stackoverflow.com/jobs/412440
Frontend Javascript SPA Developer Vue.js (m/f/d),ThinxNet GmbH,"München, Deutschland",https://stackoverflow.com/jobs/415209
Frontend Developer - Vue.js (m/f/x),refurbed,No office location,https://stackoverflow.com/jobs/424273
Frontend Developer (Vue.js) (m/w/d),Peek & Cloppenburg KG Düsseldorf,"Düsseldorf, Deutschland",https://stackoverflow.com/jobs/447396
Senior VueJS FE Developer,Cycloid,"Paris, France",https://stackoverflow.com/jobs/433860
Sr Full Stack Systems Architect (Angular/Vue.js/React),HaysviaHays PLC,"Raleigh, NC",https://stackoverflow.com/jobs/373017
Mid Senior VueJS Frontend dev (remote friendly),Cycloid,No office location,https://stackoverflow.com/jobs/433861
(Senior) Webentwickler (m/w/d) TYPO3 & Vue.JS,auteon GmbH,"München, Deutschland",https://stackoverflow.com/jobs/454747
Frontend Developer (Vue or React),EJN Corp.,"Teheran-ro, South Korea",https://stackoverflow.com/jobs/331223
"Senior Frontend Developer interested in React, Vue or Svelte",5 Monkeys Agency AB,"Stockholm, Sweden",https://stackoverflow.com/jobs/443605
Senior Software Engineer,Enovational,"Washington, DC",https://stackoverflow.com/jobs/420640
"Webentwickler (m/w/d) JavaScript, React und/oder Vue.js",auteon GmbH,"Berlin, Deutschland",https://stackoverflow.com/jobs/428073
"Webentwickler (m/w/d) JavaScript, React und/oder Vue.js",auteon GmbH,"München, Deutschland",https://stackoverflow.com/jobs/428074
Senior Front-end Developer for Ankara Office,Insider,"Ankara, Turkey",https://stackoverflow.com/jobs/403358
Full-Stack Web Developer Java,WPS Management GmbH,"Paderborn, Deutschland",https://stackoverflow.com/jobs/125395
Full Stack Software Engineer,Captivation Software,"Fort Meade, MD",https://stackoverflow.com/jobs/449508
Senior Front-End Developer (m/f/d) - for legal tech startup in Munich or Berlin,DataGuard,"München, Deutschland",https://stackoverflow.com/jobs/281206
Lead Full-Stack Software Engineer,MedExpress Enterprises Ltd,"London, UK",https://stackoverflow.com/jobs/438808
"Senior Software Engineer/Developer - ""See JD for Skill set"" (Senior, Remote)",TopDevz,No office location,https://stackoverflow.com/jobs/454766
Frontend Developer to build the leading Platform for ML,Hugging Face,"Paris, France",https://stackoverflow.com/jobs/448344
Senior Javascript Software Engineer,Dashlane,"Paris, France",https://stackoverflow.com/jobs/419185
Lead Software Engineer - Publishing Platform,Voodoo.io,"Paris, France",https://stackoverflow.com/jobs/410369
Front - End Developer (All Level),TOP Jobs Front - End Developers in VietnamviaTopDev,"Ho Chi Minh City, Vietnam",https://stackoverflow.com/jobs/447872
Lead Software Engineer - Game Optimization Platform,Voodoo.io,"Paris, France",https://stackoverflow.com/jobs/410368
Demodesk - Full-Stack Engineer Video Conferencing & Screen Sharing,Demodesk,"Munich, Germany",https://stackoverflow.com/jobs/413458
Senior Front End Developer,Ezra,"Toronto, ON, Canada",https://stackoverflow.com/jobs/442192
Software Developer (m/w) für JavaScript-basierte Web-Front-Ends und Apps,weisenburger bau GmbH,"Karlsruhe, Deutschland",https://stackoverflow.com/jobs/447384
Frontend Software Engineer,"Genetesis, Inc.","Cincinnati, OH",https://stackoverflow.com/jobs/450414
Senior Full-Stack Software Engineer,pulseData,"New York, NY",https://stackoverflow.com/jobs/448331
Senior Frontend Developer,Jumbo Supermarkets,"Veghel, Netherlands",https://stackoverflow.com/jobs/306562
Front End Designer/Developer,L2P Enterprise Ltd,No office location,https://stackoverflow.com/jobs/432527
Senior Full Stack PHP Developer (m/f/d) - Bielefeld/Berlin/Remote,Egoditor GmbH,"Berlin, Deutschland",https://stackoverflow.com/jobs/408861
Solution Architect,Enovational,"Washington, DC",https://stackoverflow.com/jobs/420637
Javascript Developer,OliBank,No office location,https://stackoverflow.com/jobs/450541
FinTech Developer,OliBank,No office location,https://stackoverflow.com/jobs/450540
Full-Stack .NET Engineer,MediKeeper,"San Diego, CA",https://stackoverflow.com/jobs/422397
"Frontend Software Engineer. Evangelist. Enthusiast (Java Script, HTML5) (m/f/x)",financial.com AG,"München, Deutschland",https://stackoverflow.com/jobs/285784
Front-End Software Engineer,HENNGE K.K.,"Tokyo, Japan",https://stackoverflow.com/jobs/381280
Full Stack Web Developer,"Art & Logic, Inc.",No office location,https://stackoverflow.com/jobs/370918
Full-Stack Web-Entwickler (m/w/d),RheinEnergie AG,"Köln, Deutschland",https://stackoverflow.com/jobs/383518
Front-End Software Engineer (Senior),Dashlane,"Lisbon, Portugal",https://stackoverflow.com/jobs/441798
Frontend Developer @ MAN Digital Hub,Volkswagen Digital Solutions,"Lisboa, Portugal",https://stackoverflow.com/jobs/417437
Senior Full Stack PHP Developer (m/f/d) - Bielefeld/Berlin/Remote,Egoditor GmbH,"Berlin, Deutschland",https://stackoverflow.com/jobs/408861
Full-Stack Developer - Core Engineering Team (f/m/d),Receeve GmbH,"Hamburg, Germany",https://stackoverflow.com/jobs/351277
Senior Software Engineer,Pedigree Technologies,"Fargo, ND",https://stackoverflow.com/jobs/275888
Frontend Developer,ABOUT YOU GmbH,"Hamburg, Deutschland",https://stackoverflow.com/jobs/304349
Full Stack Developer Mobile Gaming (m/w/d),Lotum GmbH,"Bad Nauheim, Deutschland",https://stackoverflow.com/jobs/372990
Mid-Level Javascript & PHP Entwickler(in) für spannende Webapplikationen,4eyes GmbH,"Basel, Schweiz",https://stackoverflow.com/jobs/420062
Demodesk - Full-Stack Engineer in Assistant Team,Demodesk,"München, Germany",https://stackoverflow.com/jobs/450398
Front End/ Back End Software Developer,Freshcart Grocer Sdn Bhd (Supplycart),"Petaling Jaya, Malaysia",https://stackoverflow.com/jobs/430217
Mid-Senior Frontend Developer,MediXall.com,"Fort Lauderdale, FL",https://stackoverflow.com/jobs/406266
Front-End Software Engineer,Mimacom,"Zürich, Switzerland",https://stackoverflow.com/jobs/412730
senior front-end javascript developer,Cygni,"Amsterdam, Netherlands",https://stackoverflow.com/jobs/447954
Développeur Full-Stack H/F – CDI – Paris,SkillValue,"Paris, France",https://stackoverflow.com/jobs/394205
Frontend Developer,"Frotcom International, S.A.","Carnaxide, Portugal",https://stackoverflow.com/jobs/441402
PHP Entwickler (Backend oder Full Stack)(m/w/d),WunschGutschein,"Düsseldorf, Deutschland",https://stackoverflow.com/jobs/365530
Frontend Developer,Squla,"Amsterdam, Netherlands",https://stackoverflow.com/jobs/454638
Senior Frontend Developer (f/m/d),CA Customer Alliance GmbH,"Berlin, Germany",https://stackoverflow.com/jobs/421024
"Frontend Developer (m/w/d) in Leipzig, Halle (Saale) oder Dresden",Relaxdays GmbH,"Leipzig, Deutschland",https://stackoverflow.com/jobs/433898
Frontend Web Developer (m/w/d),EyeC GmbH,"Hamburg, Deutschland",https://stackoverflow.com/jobs/408135
(Senior) Web/Mobile Developer (m/w/d),Lotum GmbH,"Frankfurt am Main, Deutschland",https://stackoverflow.com/jobs/372988
Frontend Developer,Squla,"Amsterdam, Netherlands",https://stackoverflow.com/jobs/454638
Senior Full-Stack Engineer (m/f/d),Lumiform,"Berlin, Germany",https://stackoverflow.com/jobs/448316
Frontend Web Developer (m/w/d),EyeC GmbH,"Hamburg, Deutschland",https://stackoverflow.com/jobs/408135
Lawinensprengen am Smartphone (Full-Stack),Wyssen Seilbahnen AG,"Reichenbach im Kandertal, Schweiz",https://stackoverflow.com/jobs/447415
Senior Frontend Developer (w/m/d),brandung GmbH & Co. KG,"Berlin, Deutschland",https://stackoverflow.com/jobs/363498
Lead Full Stack Developer,ABOUT YOU GmbH,"Hamburg, Deutschland",https://stackoverflow.com/jobs/366480
Full Stack Web Developer,Spiria Digital,"Gatineau, QC, Canada",https://stackoverflow.com/jobs/450400
SENIOR GAME ENGINE DEVELOPER JAVASCRIPT / HTML5: For strategic online games.,Bytro Labs GmbH,"Hamburg, Germany",https://stackoverflow.com/jobs/393508
Senior Frontend Entwickler (m/w/d),DreamIT GmbHviaHays PLC,"Hamburg, Germany",https://stackoverflow.com/jobs/419244
PHP Engineer,Cover Genius,"Sydney, Australia",https://stackoverflow.com/jobs/430388
Senior UI Developer,ThinkIQ,"Aliso Viejo, CA",https://stackoverflow.com/jobs/440504
Senior Health-Tech Software Engineer,Juxly,"Springfield, MO",https://stackoverflow.com/jobs/425126
Full Stack Software Engineer (f/m/d),ArcaScience,"Paris, France",https://stackoverflow.com/jobs/454401
Cloud Software Engineer Fullstack,Franke Kaffeemaschinen AG,"Aarburg, Schweiz",https://stackoverflow.com/jobs/436902
Frontend Software Engineer (WebGL 3D WebApp) - 360 Documentation in Construction,bitstars GmbH - a HoloBuilder company,"Aachen, Germany",https://stackoverflow.com/jobs/313141
Software Developer (Remote or Onsite),Aptera Software,"Fort Wayne, IN",https://stackoverflow.com/jobs/246026
Frontend Engineer,PayPay Corporation.,"Minato City, Japan",https://stackoverflow.com/jobs/292635
Senior Front-end Engineer,MedExpress Enterprises Ltd,"London, UK",https://stackoverflow.com/jobs/438811
Frontend Engineer (m/f/d) - Working Student or Intern,Motius GmbH,"München, Deutschland",https://stackoverflow.com/jobs/367235
Développeur full-stack,GO2ROUES,"Bordeaux, France",https://stackoverflow.com/jobs/407409
Mobile App Developer (m/f/x),"epay, a Euronet Worldwide Company","Planegg, Deutschland",https://stackoverflow.com/jobs/445450
Front-End Engineer,Active Theory,No office location,https://stackoverflow.com/jobs/450543
Senior Frontend Engineer,Voodoo.io,"Paris, France",https://stackoverflow.com/jobs/430364
Développeuse / Développeur Full Stack (JavaScript) - Paris,Zenika,"Paris, France",https://stackoverflow.com/jobs/371046
Mid/Senior Full Stack Engineer,Applied,No office location,https://stackoverflow.com/jobs/446566
"Senior JavaScript-Developer (f/m/d) Cologne, Paderborn or remote",DeepL GmbH,"Köln, Deutschland",https://stackoverflow.com/jobs/392976
Senior Software Developer,HawkSoft,No office location,https://stackoverflow.com/jobs/444716
Lead Frontend Engineer,Agrando,"München, Germany",https://stackoverflow.com/jobs/383568
Senior Frontend Engineer (m/w/d),grandcentrix GmbH,"Köln, Deutschland",https://stackoverflow.com/jobs/383558
フロントエンドエンジニア,HENNGE K.K.,"Tokyo, Japan",https://stackoverflow.com/jobs/381284
Frontend-Entwickler (m/w/d),onOffice GmbH,"Aachen, Deutschland",https://stackoverflow.com/jobs/430751
Frontend Developer,Banjo,"South Jordan, UT",https://stackoverflow.com/jobs/345274
Payment Engineer (m/f/d),Egoditor GmbH,"Berlin, Deutschland",https://stackoverflow.com/jobs/429684
Sr.JavaScript Full Stack Engineer,"Full Beaker, Inc.","Bellevue, WA",https://stackoverflow.com/jobs/445665
Senior Frontend Developer (m/w/d),Neofonie,"Berlin, Deutschland",https://stackoverflow.com/jobs/399676
Full-Stack Web Developer,Bullseye Media LLC,"Minneapolis, MN",https://stackoverflow.com/jobs/424985
Security Developer,OliBank,No office location,https://stackoverflow.com/jobs/450538
Frontend Developer (m/f/d),WPS Management GmbH,"Paderborn, Deutschland",https://stackoverflow.com/jobs/293572
Full Stack Developer,ABOUT YOU GmbH,"Hamburg, Deutschland",https://stackoverflow.com/jobs/355747
Fullstack Developer (f/m/d) (based in Germany),LILLYDOO GmbH,"Frankfurt am Main, Germany",https://stackoverflow.com/jobs/430741
Experienced Frontend Developer with strong CSS skills (m/f),Typeqast,"Zagreb, Croatia",https://stackoverflow.com/jobs/335842
TECH LEAD (F/H),Octo Technology,"Paris, France",https://stackoverflow.com/jobs/445447
Full Stack PHP Web Developer,"Outreach, Inc.","Colorado Springs, CO",https://stackoverflow.com/jobs/364886
Senior Frontend Engineer,Loadsmile,No office location,https://stackoverflow.com/jobs/401723
Java Entwickler (m/w/d),MT AG - enabling the adaptive enterprise,"Ratingen, Deutschland",https://stackoverflow.com/jobs/338095
Sr. Cloud Engineer (GCP) DevOps,Harlem Next,"Haarlem, Netherlands",https://stackoverflow.com/jobs/423490
Senior Front-end Engineer,Hubstaff,No office location,https://stackoverflow.com/jobs/441784
Senior Full Stack Engineer (Remote OR NYC),Noom,"New York, NY",https://stackoverflow.com/jobs/283522
HTML5 Frontend Developer: Strategic online games are our passion.,Bytro Labs GmbH,"Hamburg, Germany",https://stackoverflow.com/jobs/393511
Frontend Developer e-Commerce (f/m/d) (based in Germany),LILLYDOO GmbH,No office location,https://stackoverflow.com/jobs/240569
(Senior) Frontend Developer (f/m/diverse),Eurowings Digital GmbH,"Köln, Deutschland",https://stackoverflow.com/jobs/410393
Full Stack Web Developer (m/w/d),EyeC GmbH,"Hamburg, Deutschland",https://stackoverflow.com/jobs/408137
Fullstack Developer (m/f),Sclable Business Solutions GmbH,"Wien, Österreich",https://stackoverflow.com/jobs/396059
Senior Full Stack Python Engineer,RippleMatch,"New York, NY",https://stackoverflow.com/jobs/348517
Full Stack Developer (80%-100%),onstructive GmbH,"Winterthur, Schweiz",https://stackoverflow.com/jobs/405894
Full Stack developer,Maxdoro,"Amersfoort, Netherlands",https://stackoverflow.com/jobs/361982
Senior Front end Developer - Remote (Russia),Agiloft,No office location,https://stackoverflow.com/jobs/423700
Full Stack Engineer,SpotMe,No office location,https://stackoverflow.com/jobs/114053
Full Stack Nuxt JS Developer,Nacelle,No office location,https://stackoverflow.com/jobs/384138
Frontend Developer (Information Processing & Analytics),Centre for Strategic Infocomm Technologies (CSIT),Singapore,https://stackoverflow.com/jobs/391305
Senior Fullstack-Entwickler (w/m/d) am Standort Berlin,Hochfrequenz Unternehmensberatung GmbH,"Berlin, Deutschland",https://stackoverflow.com/jobs/358244
"Développeuse / Développeur Full Stack (Java, Angular) - Paris",Zenika,"Paris, France",https://stackoverflow.com/jobs/352667
Senior Full Stack Developer,Servian,"Brisbane City, Australia",https://stackoverflow.com/jobs/427870
Lead Front-End Developer,StratumFive,"Shoreham-by-Sea, UK",https://stackoverflow.com/jobs/443776
Webentwickler (m/w/d),freeyou AG,"Köln, Deutschland",https://stackoverflow.com/jobs/446540
Software Engineer - Full Stack (Mid-Senior),Olo,No office location,https://stackoverflow.com/jobs/448572
Développeur C# / .NET H/F – Poste CDI – Lille,SkillValue,"Lille, France",https://stackoverflow.com/jobs/395711
Lead JavaScript Full Stack Engineer,"Full Beaker, Inc.","Bellevue, WA",https://stackoverflow.com/jobs/445663
Senior Frontend Developer,"Stacklet, Inc.",No office location,https://stackoverflow.com/jobs/423281
Senior Go Backend Developer (m/f/x),refurbed,"Wien, Austria",https://stackoverflow.com/jobs/287208
Senior Software Engineer,Keelvar,"Cork, Ireland",https://stackoverflow.com/jobs/446541
Frontend Web Developer (m/f/x),refurbed,"Wien, Österreich",https://stackoverflow.com/jobs/361674
Full Stack Software Engineer,Practichem,No office location,https://stackoverflow.com/jobs/443223
Java Software Engineer,Practichem,No office location,https://stackoverflow.com/jobs/454944
Front-End (Angular/React) and Node JS Backend – Senior Developer,Wipro Digital,"Bengaluru, India",https://stackoverflow.com/jobs/424505
"Backend Developer PHP (m/w/d) in Leipzig, Halle (Saale) oder Dresden",Relaxdays GmbH,"Leipzig, Deutschland",https://stackoverflow.com/jobs/433896
Senior UI Front End Engineer,Apple,"Austin, TX",https://stackoverflow.com/jobs/436952
Front-End Web Developer,Kink,"San Francisco, CA",https://stackoverflow.com/jobs/445294
Senior Back-end / Ruby on Rails Developer,iubenda,"Milan, Italy",https://stackoverflow.com/jobs/445818
Senior Front End Developer,Adopt-a-Pet.com,"Claremont, CA",https://stackoverflow.com/jobs/441793
"Backend Developer C# (w/m/d) in Leipzig, Halle (Saale) oder Dresden",Relaxdays GmbH,"Leipzig, Deutschland",https://stackoverflow.com/jobs/433895
Senior Full Stack Developer,Pliancy,"Palo Alto, CA",https://stackoverflow.com/jobs/449222
Software Engineer,Inari Agriculture,"Cambridge, MA",https://stackoverflow.com/jobs/452405
Salesforce Apex Developer,LeadIQ,Singapore,https://stackoverflow.com/jobs/422622
Data Engineer,Sytac IT Consulting,"Amsterdam, Netherlands",https://stackoverflow.com/jobs/431625
Information Systems and Technology Internship,Apple,,https://stackoverflow.com/jobs/435294
Fullstack Developer,chess24,"Hamburg, Germany",https://stackoverflow.com/jobs/455005
Front End Engineer (React),Modus Create,No office location,https://stackoverflow.com/jobs/447890
Project Manager,LeadIQ,Singapore,https://stackoverflow.com/jobs/422625
Full Stack Software Engineer (all genders),Zühlke Engineering Austria,"Wien, Austria",https://stackoverflow.com/jobs/454632
Backend Developer,Sofía,"Mexico City, Mexico",https://stackoverflow.com/jobs/255373
Mission Focused Full-Stack Software Engineer (Fully Cleared),Erias Ventures,"Annapolis Junction, MD",https://stackoverflow.com/jobs/432032
"Full Stack Engineer (Javascript, Ruby)",Modus Create,No office location,https://stackoverflow.com/jobs/437925
Full Stack Software Developer - Java (all genders) Full-/Part-time,Accenture DACH,"Zürich, Switzerland",https://stackoverflow.com/jobs/391300
Node.js / React Fullstack (all Levels),Check24viaZero to One Search,"Munich, Germany",https://stackoverflow.com/jobs/442198
Senior Full-Stack Developer (m/f/d) for Berlin based MVP Startup,Venture Leap GmbH,"Berlin, Deutschland",https://stackoverflow.com/jobs/388231
Software Engineer,Ogury,"Paris, France",https://stackoverflow.com/jobs/453541
Full Stack Developer,Mullvad VPN,"Gothenburg, Sweden",https://stackoverflow.com/jobs/448302
Full-Stack Software Engineer (m/f/d),Covestro Deutschland AG,"Leverkusen, Deutschland",https://stackoverflow.com/jobs/417429
Senior Java Developer who wants to make a difference!,O'Reilly Auto Parts,No office location,https://stackoverflow.com/jobs/130997
Junior Software Engineer for Micro Frontends,smapiot,"München, Germany",https://stackoverflow.com/jobs/278008
Senior Node.js Full-stack Developer,MarsBased,No office location,https://stackoverflow.com/jobs/450345
Senior Software Engineer (React/Java),Pinnacle 21,"Blue Bell, PA",https://stackoverflow.com/jobs/262299
Full-Stack Developer,Mission Embedded GmbH,"Vienna, Austria",https://stackoverflow.com/jobs/448326
Python Developer,MUFG Investor Services FinTech LimitedviaWork in Lithuania,"Vilnius, Lithuania",https://stackoverflow.com/jobs/451385
Software Developer (backend),ValueWorks GmbH,No office location,https://stackoverflow.com/jobs/451959
Mid-Senior Software Engineer ~ Big Data Solutions,Lean Media,"Chesterfield, MO",https://stackoverflow.com/jobs/271865
Senior Software Engineer,uShip,"Austin, TX",https://stackoverflow.com/jobs/451415
Front-End Web Developer (all genders) Full-/Part-time,Accenture DACH,"Frankfurt, Germany",https://stackoverflow.com/jobs/391299
Senior Software Engineer – Web,Blinkist,"Berlin, Germany",https://stackoverflow.com/jobs/449484
Junior Software Engineer,Fei Siong Food Management Pte. Ltd.,Singapore,https://stackoverflow.com/jobs/422615
"Senior Frontend Software Engineer -- East Bay, Austin, U.S. Remote",Underline,No office location,https://stackoverflow.com/jobs/423274
Senior Fullstack Software Engineer - Hotel Marketing,trivago N.V,"Düsseldorf, Germany",https://stackoverflow.com/jobs/430362
Full Stack Javascript Software Engineer,SDVI,No office location,https://stackoverflow.com/jobs/254207
Backend developer to build robust systems with Kotlin,Shape A/S,"København, Denmark",https://stackoverflow.com/jobs/370009
Senior Backend Engineer (Python/Django),Financial Technology Partners,"San Francisco, CA",https://stackoverflow.com/jobs/446918
Software Engineer - Web UI,Agrian Inc.,"Clovis, CA",https://stackoverflow.com/jobs/451025
Full Stack Developer (SNPS) - Build platforms at national scale,Government Technology Agency of Singapore,Singapore,https://stackoverflow.com/jobs/409515
Junior Software Engineer (Trainee),Fei Siong Food Management Pte. Ltd.,Singapore,https://stackoverflow.com/jobs/422616
Hackers wanted - Software Engineers (m/f/d) & Machine Learning Experts (m/f/d),freiheit.com technologies gmbh,"Lissabon, Portugal",https://stackoverflow.com/jobs/254089
[Remote] Senior Software Engineer,Clarivate AnalyticsviaWade & Wendy,"Ann Arbor, MI",https://stackoverflow.com/jobs/435318
Senior UI / Front End Developer (100% Remote),Mapleton Hill,"Boulder, CO",https://stackoverflow.com/jobs/32763
Backend Engineer (m/f/d) - Working Student or Intern,Motius GmbH,"München, Deutschland",https://stackoverflow.com/jobs/367229
.NET Software Engineer,"Tivix, Inc.","Wrocław, Poland",https://stackoverflow.com/jobs/420644
Hackers wanted - Software Engineers (m/f/d) & Machine Learning Experts (m/f/d),freiheit.com technologies gmbh,"Hamburg, Deutschland",https://stackoverflow.com/jobs/165266
Senior Software Engineer (Command and Control Systems),Centre for Strategic Infocomm Technologies (CSIT),Singapore,https://stackoverflow.com/jobs/391605
Fullstack Software Engineer (Java),Zuhlke Engineering Hongkong,Hong Kong,https://stackoverflow.com/jobs/454966
Junior Engineer Ruby (stage),KLAXIT,"Paris, France",https://stackoverflow.com/jobs/447893
Front-End Developer (m/f/d) for Berlin-based MVP Startup,Venture Leap GmbH,"Berlin, Deutschland",https://stackoverflow.com/jobs/424948
Senior Software Engineer (Node),"Jack Henry & Associates, Inc.®",No office location,https://stackoverflow.com/jobs/447532
"Software-Entwickler für cloud-native Anwendungen, Full-Stack",Paessler AG,"Nürnberg, Deutschland",https://stackoverflow.com/jobs/412301
Software Engineering,"JPMorgan Chase Bank, N.A.","Houston, TX",https://stackoverflow.com/jobs/455073
JavaScript Engineer for our ecommerce storefront  (f/m/d),ePages GmbH,"Hamburg, Germany",https://stackoverflow.com/jobs/123431
Hackers wanted-Looking for a Senior Developer (m/f/d) with Team Lead Experience!,freiheit.com technologies gmbh,"Hamburg, Deutschland",https://stackoverflow.com/jobs/91520
Python/ElasticSearch Developer (Remote),X-Team,No office location,https://stackoverflow.com/jobs/439738
Hackers wanted-Looking for a Senior Developer (m/f/d) with Team Lead Experience!,freiheit.com technologies gmbh,"Lissabon, Portugal",https://stackoverflow.com/jobs/197741
"Software Engineer, Full Stack (Business Intelligence Product)",Centre for Strategic Infocomm Technologies (CSIT),Singapore,https://stackoverflow.com/jobs/391640
Senior Full Stack Software Engineer,"System Concepts, Inc.","Scottsdale, AZ",https://stackoverflow.com/jobs/204563
Senior Software Engineer - Frontend (Remote),Web Summit,"Dublin 6, Ireland",https://stackoverflow.com/jobs/289346
Java Software-Entwickler (m/w/d),anderScore GmbH,"Köln, Deutschland",https://stackoverflow.com/jobs/408473
Full Stack Software Engineer - Mobile Healthcare,Medsphere,No office location,https://stackoverflow.com/jobs/406291
Software Developer mit Schwerpunkt Backend (m/w/d),Haufe Group,"Freiburg im Breisgau, Germany",https://stackoverflow.com/jobs/445405
React / Javascript Developer,Särmä Digital Oy,"Helsinki, Finland",https://stackoverflow.com/jobs/330722
Software Engineer,Centre for Strategic Infocomm Technologies (CSIT),Singapore,https://stackoverflow.com/jobs/345130
Software Engineer,IPD Analytics,"Miami, FL",https://stackoverflow.com/jobs/347671
Software Engineer (£55k - £65k),Intruder,"London, UK",https://stackoverflow.com/jobs/447962
Java Entwickler*in (m/w/d),GFT Deutschland,"Eschborn, Deutschland",https://stackoverflow.com/jobs/393531
Senior Backend Engineer (m/f/d) - Node.js,Motius GmbH,"München, Deutschland",https://stackoverflow.com/jobs/433911
Secure Software Engineer,Surevine,"Cheltenham, UK",https://stackoverflow.com/jobs/438458
Full Stack Software Engineer,"JPMorgan Chase Bank, N.A.","Columbus, OH",https://stackoverflow.com/jobs/452535
Senior Software Engineer,Patch.com,"New York, NY",https://stackoverflow.com/jobs/394309
Secure Software Engineer,Surevine,"Cheltenham, UK",https://stackoverflow.com/jobs/438458
Lead software engineer,The Sustainables BV,"Amsterdam, Netherlands",https://stackoverflow.com/jobs/449440
Backend PHP developer with Dev-Ops skillset,Enrise,"Amersfoort, Netherlands",https://stackoverflow.com/jobs/447388
Mid-Senior Backend Developer,MediXall.com,"Fort Lauderdale, FL",https://stackoverflow.com/jobs/406265
"Lead Polyglot Software Engineers – TDD, XP, JavaScript",Pragmateam,"Sydney, Australia",https://stackoverflow.com/jobs/432525
Full Stack Software Developer - IoT (w/m/d) 80-100%,Husqvarna Schweiz AG,"Zürich, Schweiz",https://stackoverflow.com/jobs/401351
PHP Developer (JavaScript/HTML/and CSS),HaysviaHays PLC,"Raleigh, NC",https://stackoverflow.com/jobs/373020
Sr. Full Stack Software Engineer,Higher Logic,No office location,https://stackoverflow.com/jobs/453726
Workingstudent Tech & Engineering,Limehome GmbH,"München, Germany",https://stackoverflow.com/jobs/408795
Front End Engineer,"QOMPLX, Inc.","McLean, VA",https://stackoverflow.com/jobs/447553
.Net Full Stack developer (m/w/d),EyeC GmbH,"Hamburg, Deutschland",https://stackoverflow.com/jobs/408138
.Net Software Developer,eDerm Systems,"Boca Raton, FL",https://stackoverflow.com/jobs/357993
(Senior) Full-Stack Software Engineer who loves Python,Advertima,"Berlin, Germany",https://stackoverflow.com/jobs/422932
Technical Lead (m/w/d) für ein Entwicklungsteam (Big Data / Datenanalyseplattfor,Bundesdruckerei GmbH,"Hamburg, Deutschland",https://stackoverflow.com/jobs/439156
Mid- / Senior PHP Web Developer,Energy Gruppe Schweiz,"Zürich, Switzerland",https://stackoverflow.com/jobs/371108
Senior Frontend Web Developer (m/w/x),Flagbit GmbH & Co. KG,"Karlsruhe, Deutschland",https://stackoverflow.com/jobs/183457
Senior Software Engineer (m/f/d) - JS Fullstack,Motius GmbH,"München, Deutschland",https://stackoverflow.com/jobs/433912
Senior Software Developer,carsales.com Ltd,"Cremorne, Australia",https://stackoverflow.com/jobs/416784
Full Stack Developer,Särmä Digital Oy,"Helsinki, Finland",https://stackoverflow.com/jobs/333786
Senior Java Software Engineer,AIR MILES,"Toronto, ON, Canada",https://stackoverflow.com/jobs/394502
Senior PHP Developer for Ankara Office,Insider,"Ankara, Turkey",https://stackoverflow.com/jobs/421768
Fullstack Engineer,Roon Labs LLC,No office location,https://stackoverflow.com/jobs/393281
Software Entwickler Shopware (m/w/d),A-Z Gartenhaus GmbH,"Hamburg, Deutschland",https://stackoverflow.com/jobs/430308
Full Stack Developer (Java/AWS),F-Secure,"Poznań, Poland",https://stackoverflow.com/jobs/416126
Senior Frontend Developer,AIR MILES,"Toronto, ON, Canada",https://stackoverflow.com/jobs/431238
PHP Developer (w/*/m),queo GmbH,"Dresden, Deutschland",https://stackoverflow.com/jobs/399160
Senior Full-stack Engineer (m/w/x),Jimdo,"Hamburg, Germany",https://stackoverflow.com/jobs/435273
Software Entwickler Shopware (m/w/d),A-Z Gartenhaus GmbH,"Hamburg, Deutschland",https://stackoverflow.com/jobs/430308
Tech Lead in a Danish Web app Department,Peytz & Co A/S,"Copenhagen, Denmark",https://stackoverflow.com/jobs/401362
Senior Full Stack Developer,Dyson,"Bristol, UK",https://stackoverflow.com/jobs/363120
.Net Full Stack developer (m/w/d),EyeC GmbH,"Hamburg, Deutschland",https://stackoverflow.com/jobs/408138
Webfejlesztő,UNIQA Raiffeisen Software Service Kft.,"Budapest, Ungarn",https://stackoverflow.com/jobs/374734
Lead Java Software Engineer - ATM Technology,"JPMorgan Chase Bank, N.A.","Westerville, OH",https://stackoverflow.com/jobs/446926
Java Software Engineer - ATM Technology,"JPMorgan Chase Bank, N.A.","Westerville, OH",https://stackoverflow.com/jobs/442509
Full Stack Developer (Java/AWS),F-Secure,"Poznań, Poland",https://stackoverflow.com/jobs/443766
Senior Frontend Developer (Angular),Scrapinghub,No office location,https://stackoverflow.com/jobs/454484
Senior Full Stack JavaScript Developer - Remote,Upstack,No office location,https://stackoverflow.com/jobs/422075
DevSecOps Engineer,BrainGu,"Fayetteville, NC",https://stackoverflow.com/jobs/423179
Sr Front End Developer (Angular / React),HaysviaHays PLC,"Orlando, FL",https://stackoverflow.com/jobs/373234
Senior Full Stack Developer (f/m/x),Parkside,"Graz, Österreich",https://stackoverflow.com/jobs/448298
Frontend Web Developer,T-Bone Productions,"Sydney, Australia",https://stackoverflow.com/jobs/147675
Senior javascript-utvecklare,Cygni,"Stockholm, Sweden",https://stackoverflow.com/jobs/447407
Senior Full Stack Developer,Nirveda Cognition Inc.,"Glendale, CA",https://stackoverflow.com/jobs/431098
Senior Software Engineer (f/m/d) Angular,Verivox GmbH,"Heidelberg, Deutschland",https://stackoverflow.com/jobs/165583
Softwareentwickler (m/w/d),AM GmbH,"Hamburg, Deutschland",https://stackoverflow.com/jobs/380999
Senior/Intermediate Front-End Developer,"Beck &amp; Stone, Inc.","Tampa, FL",https://stackoverflow.com/jobs/442195
Senior Software Engineer (m/f/d) - Remote Europe-wide,bookingkit GmbH,No office location,https://stackoverflow.com/jobs/431241
Senior Fullstack Developer (f/m/d),Greentube Internet Entertainment Solutions GmbH,"Wien, Austria",https://stackoverflow.com/jobs/383799
Front End Developer,YouGov,No office location,https://stackoverflow.com/jobs/439750
Softwareentwickler (m/w/d),AM GmbH,"Hamburg, Deutschland",https://stackoverflow.com/jobs/380999
Senior/Intermediate Front-End Developer,"Beck &amp; Stone, Inc.","Tampa, FL",https://stackoverflow.com/jobs/442195
Senior Software Engineer (m/f/d) - Remote Europe-wide,bookingkit GmbH,No office location,https://stackoverflow.com/jobs/431241
Software Entwickler Java (w/m/x),RegioHelden GmbH,"Köln, Deutschland",https://stackoverflow.com/jobs/450821
"Senior Backend Developer (Node, Event-Driven)",Nacelle,No office location,https://stackoverflow.com/jobs/395509
Frontend Developer - JavaScript - Demo Environments,Magnolia International Ltd.,"Münchenstein, Switzerland",https://stackoverflow.com/jobs/439161
Junior Java Developer with a lot of freedom in your job,TOPdesk Nederland BV,"Delft, Netherlands",https://stackoverflow.com/jobs/425992
Senior Full Stack Developer,Servian,"Sydney, Australia",https://stackoverflow.com/jobs/424942
Frontend Engineer (m/f/d),MobiLab Solutions,"Köln, Germany",https://stackoverflow.com/jobs/424234
Erfahrener Web-Entwickler (m/w/d) für den IServ Schulserver,IServ GmbH,"Braunschweig, Deutschland",https://stackoverflow.com/jobs/408160
Senior WebXR Games Engineer,NWR CORP,No office location,https://stackoverflow.com/jobs/454917
Senior Front-End Architect,Accenture Italy,"Milan, Italy",https://stackoverflow.com/jobs/448558
SOFTWARE ENGINEERING MANAGER BACK-END (H/F),DECATHLON,"Croix, France",https://stackoverflow.com/jobs/454590
Senior Front End Entwickler (m/w/d),Webnique GmbH,"München, Germany",https://stackoverflow.com/jobs/294774
Senior Software Engineer C#/.NET/JavaScript,Sinara Consultants Limited,"London, UK",https://stackoverflow.com/jobs/437583
Frontend-Developer / Full Stack (m/w/d),CodeMonks GmbH,"Nuremberg, Germany",https://stackoverflow.com/jobs/454453
Full Stack Developer with Front-End Focus,Framewerx Inc,"Acheson, AB, Canada",https://stackoverflow.com/jobs/447978
Full Stack PHP Developer,DkR,"Lomazzo, Italy",https://stackoverflow.com/jobs/396797
Front-End Engineer,1plusX AG,"Zürich, Switzerland",https://stackoverflow.com/jobs/450815
Senior Software Architekt (m/w/d),Meierhofer AG,"München, Deutschland",https://stackoverflow.com/jobs/445031
Adobe AEM Engineer,BairesDev LLC,"San Francisco, CA",https://stackoverflow.com/jobs/445886
Javascript Developer - Angular or Node.js,Arcanys,"Ho Chi Minh City, Vietnam",https://stackoverflow.com/jobs/243364
DevOps Engineer,Kilo HealthviaWork in Lithuania,"Vilnius, Lithuania",https://stackoverflow.com/jobs/451383
Software Engineer - .NET / Java,"JPMorgan Chase Bank, N.A.","Columbus, OH",https://stackoverflow.com/jobs/451533
Fullstack Developer,Arweave,"Berlin, Germany",https://stackoverflow.com/jobs/350108
Magento Developer,"Stockport, ManchesterviaHays PLC","Stockport, UK",https://stackoverflow.com/jobs/415833
Senior Software Developer,DCSL Software Ltd,"London, UK",https://stackoverflow.com/jobs/399681
Senior PHP Developer (m/f/d),GPORTAL,"München, Deutschland",https://stackoverflow.com/jobs/393017
iOS Engineer,Durstexpress GmbH,"Berlin, Deutschland",https://stackoverflow.com/jobs/364025
Software Engineer .NET,VX Company,"Baarn, Netherlands",https://stackoverflow.com/jobs/377088
Senior Fullstack Developer - Polyglot with focus on PHP and JavaScript (m/f/d),social sweethearts GmbH,"Munich, Germany",https://stackoverflow.com/jobs/450798
Software Engineer - SDVI DevOps,SDVI,No office location,https://stackoverflow.com/jobs/451626
Senior Java fejlesztő,UNIQA Raiffeisen Software Service Kft.,"Budapest, Ungarn",https://stackoverflow.com/jobs/373188
VP of Engineering,"IXIS, LLC","Burlington, VT",https://stackoverflow.com/jobs/454988
Front-end Developer,Triple,"Alkmaar, Netherlands",https://stackoverflow.com/jobs/407700
Teamleiter / Senior Java Entwickler (m/w),UNIQA Raiffeisen Software Service Kft.,"Budapest, Ungarn",https://stackoverflow.com/jobs/391306
Senior Backend Engineer,"Volusion, LLC","Austin, TX",https://stackoverflow.com/jobs/443231
Senior Frontend Engineer - Global Contact Center (f/m/d),Delivery Hero SE,"Berlin, Germany",https://stackoverflow.com/jobs/439740
Full Stack Developer with Front-End Focus,Framewerx Inc,"Acheson, AB, Canada",https://stackoverflow.com/jobs/447978
ARCHITECTE SI (F/H),Octo Technology,"Paris, France",https://stackoverflow.com/jobs/445451
"Senior Software Developer* (Belgrade, Krusevac, Novi Sad)",3AP AG,"Beograd, Serbia",https://stackoverflow.com/jobs/237521
Experienced Ruby on Rails Developer,SimplePay,"Cape Town, South Africa",https://stackoverflow.com/jobs/450851
Data Analyst Text (m/w/d) mit Geo-Spezialisierung,Bundesdruckerei GmbH,"Hamburg, Deutschland",https://stackoverflow.com/jobs/439159
Full Stack PHP Developer,DkR,"Lomazzo, Italy",https://stackoverflow.com/jobs/396797
Senior Backend Engineer - Business,Mrsool,"Riyadh, Saudi Arabia",https://stackoverflow.com/jobs/425423
Senior User Experience Software Engineer,"JPMorgan Chase Bank, N.A.","Jersey City, NJ",https://stackoverflow.com/jobs/449987
Principal Software Engineer,Citizens Bank,"Providence, RI",https://stackoverflow.com/jobs/452563
Software Engineer in Test,ReCharge Payments,No office location,https://stackoverflow.com/jobs/446787
JavaScript Developer,Kinsta,No office location,https://stackoverflow.com/jobs/446560
Frontend- / UX/UI-Developer (m/w/d),Just Spices GmbH,"Düsseldorf, Deutschland",https://stackoverflow.com/jobs/428547
JavaScript Developer,Kinsta,No office location,https://stackoverflow.com/jobs/446560
Senior Backend Engineer - Business,Mrsool,"Riyadh, Saudi Arabia",https://stackoverflow.com/jobs/425423
ARCHITECTE SI (F/H),Octo Technology,"Paris, France",https://stackoverflow.com/jobs/445451
"Senior Software Developer* (Belgrade, Krusevac, Novi Sad)",3AP AG,"Beograd, Serbia",https://stackoverflow.com/jobs/237521
Senior DevOps Engineer,Nacelle,No office location,https://stackoverflow.com/jobs/406559
Principal Software Engineer,Citizens Bank,"Providence, RI",https://stackoverflow.com/jobs/452563
"Senior fullstackutvecklare (Java, .net och/eller node)",Cygni,"Stockholm, Sweden",https://stackoverflow.com/jobs/447405
Senior User Experience Software Engineer,"JPMorgan Chase Bank, N.A.","Jersey City, NJ",https://stackoverflow.com/jobs/449987
Javascript Developer - Angular or Node.js,Arcanys,"Cebu City, Philippines",https://stackoverflow.com/jobs/243375
Modern .Net Core Senior Engineer,dunnhumby Ltd.,"London, UK",https://stackoverflow.com/jobs/206288
Front-end Software Engineer - Deliver citizen-centric web apps,Government Technology Agency of Singapore,Singapore,https://stackoverflow.com/jobs/408128
Anwendungsentwickler/Projektentwickler (m/w/d) Java,OPTIMAL SYSTEMS GmbH,"Berlin, Deutschland",https://stackoverflow.com/jobs/428549
Frontend Engineer,"GridUnity, Inc","Boston, MA",https://stackoverflow.com/jobs/400405
"Senior Python Engineer, Features",ReCharge Payments,No office location,https://stackoverflow.com/jobs/446791
Ingénieur(e) Infra / DevOps / SRE (H/F),Deeplink Medical,"Lyon, France",https://stackoverflow.com/jobs/372316
Blockchain JavaScript Developer,brainbot,"Berlin, Germany",https://stackoverflow.com/jobs/207296
Tech Lead (Estonia based),Mindvalley,"Tallinn, Estonia",https://stackoverflow.com/jobs/417128
"Frontend Engineer, Causal AI Platform",causaLens,"London, UK",https://stackoverflow.com/jobs/439129
Staff Web Developer,SimpliSafe,"Boston, MA",https://stackoverflow.com/jobs/350954
Fullstack Developer,best it GmbH & Co. KG,"Berlin, Deutschland",https://stackoverflow.com/jobs/368833
Lead Developer Ruby on Rails (m/f/div),PAIR Finance GmbH,"Berlin, Deutschland",https://stackoverflow.com/jobs/303965
"Frontend Tech Lead, Content Security",ByteDance,Singapore,https://stackoverflow.com/jobs/423498
Principal Software Engineer,Citizens Bank,"Westwood, MA",https://stackoverflow.com/jobs/446569
Fullstack Developer,best it GmbH & Co. KG,"Siegburg, Deutschland",https://stackoverflow.com/jobs/373200
Front-end Engineer,InCloudCounsel,"San Francisco, CA",https://stackoverflow.com/jobs/433449
Fullstack Developer,best it GmbH & Co. KG,"Siegburg, Deutschland",https://stackoverflow.com/jobs/373200
Mid Weight Drupal Developer,Access,"Manchester, UK",https://stackoverflow.com/jobs/445398
"Frontend Software Engineer, Content Security",ByteDance,Singapore,https://stackoverflow.com/jobs/423497
Software Engineer (Cybersecurity Operations Systems),Centre for Strategic Infocomm Technologies (CSIT),Singapore,https://stackoverflow.com/jobs/391609
Senior Ruby on Rails Developer (m/f/d) - for legal tech startup,DataGuard,"München, Deutschland",https://stackoverflow.com/jobs/281723
Software Developer,DCSL Software Ltd,"London, UK",https://stackoverflow.com/jobs/419248
Software Developer,DCSL Software Ltd,"Farnborough, UK",https://stackoverflow.com/jobs/419247
Full Stack Tech Lead (Remote),HealthCare.com,No office location,https://stackoverflow.com/jobs/441790
Distinguished Architect,Citizens Bank,"Boston, MA",https://stackoverflow.com/jobs/452560
Software Architect,Nurun,No office location,https://stackoverflow.com/jobs/415675
Full Stack Software Developer - working on COVID-19 portals,European Bioinformatics Institute (EMBL-EBI),"Hinxton, UK",https://stackoverflow.com/jobs/448775
Software Architect (ATH & SKG),Kaizen Gaming (Stoiximan/Betano),"Athens, Greece",https://stackoverflow.com/jobs/415639
.NET/Java Developer,Typeqast,"Zagreb, Croatia",https://stackoverflow.com/jobs/336340
Agiler Java Fullstack-Entwickler (m/w/d) - deutschlandweit & remote,objective partner AG,"Weinheim, Deutschland",https://stackoverflow.com/jobs/443596
Software Engineer (Ruby on Rails / JavaScript),TaxJar,No office location,https://stackoverflow.com/jobs/453704
"Sr Engineer, Software",T-Mobile,"Frisco, TX",https://stackoverflow.com/jobs/455169
Pessoa Engenheira de Software Sênior,Kenoby,No office location,https://stackoverflow.com/jobs/424349
Lead Developer Ruby on Rails (m/f/div),PAIR Finance GmbH,"Berlin, Deutschland",https://stackoverflow.com/jobs/303965
Technical Architect,DCSL Software Ltd,"London, UK",https://stackoverflow.com/jobs/452361
Architect,Citizens Bank,"Westwood, MA",https://stackoverflow.com/jobs/446565
Architect,Citizens Bank,"Dedham, MA",https://stackoverflow.com/jobs/446564
Full Stack Engineer - Demand,Everli,No office location,https://stackoverflow.com/jobs/422931
Fullstack developer,Nurun,No office location,https://stackoverflow.com/jobs/415682
Senior Front-end Engineer,Launch Potato,No office location,https://stackoverflow.com/jobs/451408
MarTech Front-End Engineer,"JPMorgan Chase Bank, N.A.","Bengaluru, India",https://stackoverflow.com/jobs/446235
Software Developer,DCSL Software Ltd,"Farnborough, UK",https://stackoverflow.com/jobs/419247
Backend Engineer,"Volusion, LLC","Austin, TX",https://stackoverflow.com/jobs/443235
Mid-Level Front-end Responsive Developer,Graphic Language,No office location,https://stackoverflow.com/jobs/418286
Lead .NET Developer,Bloemert | Development B.V.,"Staphorst, Netherlands",https://stackoverflow.com/jobs/428576
Full Stack Software Developer,BioSort AS,"Oslo, Norway",https://stackoverflow.com/jobs/437555
Full Stack Developer,Facile.it,"Milan, Italy",https://stackoverflow.com/jobs/441392
Senior Full Stack Developer (.net),Grand Parade,"Kraków, Poland",https://stackoverflow.com/jobs/410389
Senior Frontend Engineer - Consumer Shop (f/m/d),Delivery Hero SE,"Berlin, Germany",https://stackoverflow.com/jobs/417136
Pessoa Engenheira de Software Sênior,Kenoby,No office location,https://stackoverflow.com/jobs/424349
Solution Architect H/F,ENGIE Digital,"Paris, France",https://stackoverflow.com/jobs/399224
Senior Front-end / JS Developer,iubenda,No office location,https://stackoverflow.com/jobs/429655
Senior Front-end Engineer,Launch Potato,No office location,https://stackoverflow.com/jobs/451408
Frontend Web Developer,ACA Compliance Group,No office location,https://stackoverflow.com/jobs/447579
Principal Architect,Citizens Bank,"Boston, MA",https://stackoverflow.com/jobs/452564
Technical Business Analyst,DCSL Software Ltd,"London, UK",https://stackoverflow.com/jobs/442201
Senior Software Engineer,Doctolib,"Levallois-Perret, France",https://stackoverflow.com/jobs/445026
AEM Engineer,"JPMorgan Chase Bank, N.A.","Bengaluru, India",https://stackoverflow.com/jobs/445206
Principal Architect,Citizens Bank,"Providence, RI",https://stackoverflow.com/jobs/446563
Back End Engineer - Ruby on Rails,Modus Create,No office location,https://stackoverflow.com/jobs/454579
Senior Front-end Developer,AdsWizz,"Bucharest, Romania",https://stackoverflow.com/jobs/401357
Senior Front End Developer,Computershare UK,"Edinburgh, UK",https://stackoverflow.com/jobs/416451
Software Development Manager – Routers,Network Guard,Hong Kong,https://stackoverflow.com/jobs/434228
Full Stack Developer,Applied Research Associates,"Raleigh, NC",https://stackoverflow.com/jobs/436178
Frontend Developer (Experienced),Bakken & Bæck,"Amsterdam, Netherlands",https://stackoverflow.com/jobs/446594
Sr. Software Architect,Cie,No office location,https://stackoverflow.com/jobs/449510
Atlassian Consultant: Remote (United States ),Modus Create,No office location,https://stackoverflow.com/jobs/451585
Senior PHP Developer,Defiant Inc,No office location,https://stackoverflow.com/jobs/427872
Java Developer,LMAX Group,"London, UK",https://stackoverflow.com/jobs/181651
"DevOps Engineer (AWS, Jenkins, Terraform ): Remote (United States only)",Modus Create,No office location,https://stackoverflow.com/jobs/451028
Principal Cloud Development Engineer,"Unanet, Inc.",No office location,https://stackoverflow.com/jobs/446358
